<?xml version="1.0" encoding="UTF-8"?>

<ValueSet xmlns="http://hl7.org/fhir">
  <id value="VSOphthalmologistTreatments"/>
  <language value="en"/>
  <text>
    <status value="generated"/><div xmlns="http://www.w3.org/1999/xhtml"><p class="res-header-id"><b>Generated Narrative: ValueSet VSOphthalmologistTreatments</b></p><a name="VSOphthalmologistTreatments"> </a><a name="hcVSOphthalmologistTreatments"> </a><ul><li>Include all codes defined in <a href="CodeSystem-CSOphthalmologistTreatments.html"><code>https://www.ehealth.fgov.be/standards/fhir/childrecord/CodeSystem/CSOphthalmologistTreatments</code></a><span title="Version is not explicitly stated, which means it is fixed to the version provided in this specification"> version &#x1F4E6;0.1.0</span></li></ul></div>
  </text>
  <url value="https://www.ehealth.fgov.be/standards/fhir/childrecord/ValueSet/VSOphthalmologistTreatments"/>
  <version value="0.1.0"/>
  <name value="VSOphthalmologistTreatments"/>
  <title value="Ophthalmologist Treatments"/>
  <status value="draft"/>
  <experimental value="true"/>
  <date value="2025-11-26T09:32:29+00:00"/>
  <publisher value="HL7 Belgium"/>
  <contact>
    <name value="HL7 Belgium"/>
    <telecom>
      <system value="url"/>
      <value value="https://www.hl7belgium.org"/>
    </telecom>
    <telecom>
      <system value="email"/>
      <value value="hl7belgium@hl7belgium.org"/>
    </telecom>
  </contact>
  <contact>
    <name value="Message Structure eHealth"/>
    <telecom>
      <system value="email"/>
      <value value="message-structure@ehealth.fgov.be"/>
      <use value="work"/>
    </telecom>
  </contact>
  <description value="This value set includes codes for ophthalmologist treatment status."/>
  <jurisdiction>
    <coding>
      <system value="urn:iso:std:iso:3166"/>
      <code value="BE"/>
      <display value="Belgium"/>
    </coding>
  </jurisdiction>
  <compose>
    <include>
      <system value="https://www.ehealth.fgov.be/standards/fhir/childrecord/CodeSystem/CSOphthalmologistTreatments"/>
    </include>
  </compose>
</ValueSet>