URL,Version,Status,OIDs,Name,Title,Descriptino,Uses,Used,Sources
http://hl7.org/fhir/ValueSet/resource-types,4.0.1,active,"2.16.840.1.113883.4.642.3.27",ResourceType,ResourceType,"One of the resource types defined as part of this version of FHIR.","StructureDefinition/BeModelChildReport","hl7.fhir.r4.core"
https://www.ehealth.fgov.be/standards/fhir/childrecord/ValueSet/VSEyeMovementAndPosition,0.1.0,draft,,VSEyeMovementAndPosition,Eye Movement and Position,"This value set includes codes to represent eye movement and position observations.","StructureDefinition/BeModelChildReport","Internal"
https://www.ehealth.fgov.be/standards/fhir/childrecord/ValueSet/VSNeonatalHearingScreeningResults,0.1.0,draft,,VSNeonatalHearingScreeningResults,Neonatal Hearing Screening Results,"This value set includes codes for neonatal hearing screening results.","StructureDefinition/BeModelChildReport","Internal"
https://www.ehealth.fgov.be/standards/fhir/childrecord/ValueSet/VSOphthalmologistTreatments,0.1.0,draft,,VSOphthalmologistTreatments,Ophthalmologist Treatments,"This value set includes codes for ophthalmologist treatment status.","StructureDefinition/BeModelChildReport","Internal"
https://www.ehealth.fgov.be/standards/fhir/childrecord/ValueSet/eye-screening-results,0.1.0,draft,,VSEyeScreeningOutcome,Eye Screening Results,"A value set that includes codes for eye screening results.","StructureDefinition/BeModelChildReport","Internal"
