URL,Version,Status,OIDs,Name,Title,Description,Used
http://example.org/fhir/CodeSystem/eye-movement-and-position,0.1.0,draft,,CSEyeMovementAndPosition,,"",
http://example.org/fhir/CodeSystem/eye-screening-results,0.1.0,draft,,CSEyeScreeningResults,,"",
http://example.org/fhir/CodeSystem/neonatal-eye-screening-age-range,0.1.0,draft,,CSEyeScreeningAgeRange,,"",
http://example.org/fhir/CodeSystem/neonatal-hearing-screening-results,0.1.0,draft,,CSNeonatalHearingScreeningResults,,"",
http://example.org/fhir/CodeSystem/ophthalmologist-treatments,0.1.0,draft,,CSOphthalmologistTreatments,,"",
