URL,Version,Status,OIDs,Name,Title,Description,Used
https://www.ehealth.fgov.be/standards/fhir/childrecord/CodeSystem/CSEyeMovementAndPosition,0.1.0,active,,CSEyeMovementAndPosition,Eye Movement and Position,"A code system for various eye movement and position conditions.",
https://www.ehealth.fgov.be/standards/fhir/childrecord/CodeSystem/CSEyeScreeningResults,0.1.0,active,,CSEyeScreeningResults,Eye Screening Results,"Codes for recording the results of eye screening tests. These codes are used to indicate whether a screening test was passed, failed, not possible to perform, or not testable in children.",
https://www.ehealth.fgov.be/standards/fhir/childrecord/CodeSystem/CSNeonatalHearingScreeningResults,0.1.0,active,,CSNeonatalHearingScreeningResults,Neonatal Hearing Screening Results,"Codes for the results of neonatal hearing screening tests.",
https://www.ehealth.fgov.be/standards/fhir/childrecord/CodeSystem/CSOphthalmologistTreatments,0.1.0,active,,CSOphthalmologistTreatments,Ophthalmologist Treatment statuses,"Ophthalmologist Treatment statuses",
