"Id","Path","Slice Name","Alias(s)","Label","Min","Max","Must Support?","Is Modifier?","Is Summary?","Type(s)","Short","Definition","Comments","Requirements","Default Value","Meaning When Missing","Fixed Value","Pattern","Example","Minimum Value","Maximum Value","Maximum Length","Binding Strength","Binding Description","Binding Value Set","Code","Slicing Discriminator","Slicing Description","Slicing Ordered","Slicing Rules","Base Path","Base Min","Base Max","Condition(s)","Constraint(s)"
"BeModelChildReport","BeModelChildReport","","","",0,*,"","","","null {[]} {[]}
","Child Report Logical Model","A logical model representing child report data elements.","","","","","","","","","",,,,,"",,,,"Base",0,*,"",""
"BeModelChildReport.subject","BeModelChildReport.subject","","","",1,1,"","","","https://www.ehealth.fgov.be/standards/fhir/core/StructureDefinition/BeModelPatient {[]} {[]}
","Child that the report is about","Patient/subject information","","","","","","","","","",,,,,"",,,,"BeModelDocument.subject",1,1,"",""
"BeModelChildReport.documentType","BeModelChildReport.documentType","","","",1,1,"","","","CodeableConcept {[]} {[]}
","Document type","Type of the document, e.g. report, discharge letter, etc.","","","","","","","","","",,,,,"",,,,"BeModelDocument.documentType",1,1,"",""
"BeModelChildReport.status","BeModelChildReport.status","","","",1,1,"","","","CodeableConcept {[]} {[]}
","Status of the resource","Status of the resource","","","","","","","","","",,,,,"",,,,"BeModelDocument.status",1,1,"",""
"BeModelChildReport.identifier","BeModelChildReport.identifier","","","",1,*,"","","","Identifier {[]} {[]}
","Business identifier for the document","Business identifier for the document","","","","","","","","","",,,,,"",,,,"BeModelDocument.identifier",1,*,"",""
"BeModelChildReport.recordedDate","BeModelChildReport.recordedDate","","","",1,1,"","","","dateTime {[]} {[]}
","The date when the document was last updated","The date when the document was last updated","The date of the child report is the date when the report was created, not the date of the examination or observation. In case of reports migrated from KMEHR, the date is the date of the conversion, not the KMEHR message creation, which is unknown.","","","","","","","","",,,,,"",,,,"BeModelDocument.recordedDate",1,1,"",""
"BeModelChildReport.author[x]","BeModelChildReport.author[x]","","","",1,1,"","","","Practitioner {[CanonicalType[https://www.ehealth.fgov.be/standards/fhir/core/StructureDefinition/be-practitioner]]} {[]}
Organization {[CanonicalType[https://www.ehealth.fgov.be/standards/fhir/core/StructureDefinition/be-organization]]} {[]}","Author","Author(s) by whom the resource was/were authored. Multiple authors could be provided.","","","","","","","","","",,,,,"",,,,"BeModelDocument.author[x]",1,1,"",""
"BeModelChildReport.presentedForm","BeModelChildReport.presentedForm","","","",1,1,"","","","Attachment {[]} {[]}
","Child report PDF file","A base64 encoded PDF file with the remaining child report information (biometric data, charts, etc.).","","","","","","","","","",,,,,"",,,,"BeModelDocument.presentedForm",0,*,"",""
"BeModelChildReport.documentTitle","BeModelChildReport.documentTitle","","","",1,1,"","","","string {[]} {[]}
","Document title","Document title","","","","","","","","","",,,,,"",,,,"BeModelDocument.documentTitle",1,1,"",""
"BeModelChildReport.section","BeModelChildReport.section","","","",0,1,"","","","* {[]} {[]}
","Sections","Sections","","","","","","","","","",,,,,"",,,,"BeModelDocument.section",0,1,"",""
"BeModelChildReport.section.subsection","BeModelChildReport.section.subsection","","","",0,*,"","","","","subsection","subsection","","","","","","","","","",,,,,"",,,,"BeModelDocument.section.subsection",0,*,"",""
"BeModelChildReport.relatedPerson","BeModelChildReport.relatedPerson","","","",0,1,"","","","https://www.ehealth.fgov.be/standards/fhir/childrecord/StructureDefinition/BeModelRelatedPerson {[]} {[]}
","Biological mother of the child that the report is about","The biological mother of the child is the related subject in this report.","","","","","","","","","",,,,,"",,,,"BeModelChildReport.relatedPerson",0,1,"",""
"BeModelChildReport.relatedPerson.subject","BeModelChildReport.relatedPerson.subject","","","",1,1,"","","","https://www.ehealth.fgov.be/standards/fhir/core/StructureDefinition/BeModelPatient {[]} {[]}
","Subject","Patient/subject information","","","","","","","","","",,,,,"",,,,"BeModelRelatedPerson.subject",1,1,"",""
"BeModelChildReport.relatedPerson.relatedperson","BeModelChildReport.relatedPerson.relatedperson","","","",1,1,"","","","https://www.ehealth.fgov.be/standards/fhir/core/StructureDefinition/BeModelPatient {[]} {[]}
","Related person","A person related to the patient/subject, such as a family member or guardian.","","","","","","","","","",,,,,"",,,,"BeModelRelatedPerson.relatedperson",1,1,"",""
"BeModelChildReport.relatedPerson.relationship","BeModelChildReport.relatedPerson.relationship","","","",1,1,"","","","CodeableConcept {[]} {[]}
","Relationship to subject","The relationship of the related person to the patient/subject. This can include roles such as mother, father, guardian, etc.","","","","","","<valueCodeableConcept xmlns=""http://hl7.org/fhir"">
  <coding>
    <code value=""mother""/>
    <display value=""Role of the related subject""/>
  </coding>
</valueCodeableConcept>","","","",,,,,"",,,,"BeModelRelatedPerson.relationship",1,1,"",""
"BeModelChildReport.pregnancyDetails","BeModelChildReport.pregnancyDetails","","","",0,1,"","","","Base {[]} {[]}
","Pregnancy details","Details about the pregnancy.","","","","","","","","","",,,,,"",,,,"BeModelChildReport.pregnancyDetails",0,1,"",""
"BeModelChildReport.pregnancyDetails.durationOfPregnancy","BeModelChildReport.pregnancyDetails.durationOfPregnancy","","","",0,1,"","","","Base {[]} {[]}
","[BeObservation] The duration of pregnancy in weeks, as an observation.","[BeObservation] The duration of pregnancy in weeks, as an observation.","","","","","","","","","",,,,,"",,,,"BeModelChildReport.pregnancyDetails.durationOfPregnancy",0,1,"",""
"BeModelChildReport.pregnancyDetails.durationOfPregnancy.subject","BeModelChildReport.pregnancyDetails.durationOfPregnancy.subject","","","",1,1,"","","","Reference {[]} {[]}
","Child","subject","","","","","","","","","",,,,,"",,,,"BeModelChildReport.pregnancyDetails.durationOfPregnancy.subject",1,1,"",""
"BeModelChildReport.pregnancyDetails.durationOfPregnancy.focus","BeModelChildReport.pregnancyDetails.durationOfPregnancy.focus","","","",0,1,"","","","Reference {[]} {[]}
","Mother","subject","","","","","","","","","",,,,,"",,,,"BeModelChildReport.pregnancyDetails.durationOfPregnancy.focus",0,1,"",""
"BeModelChildReport.pregnancyDetails.durationOfPregnancy.code","BeModelChildReport.pregnancyDetails.durationOfPregnancy.code","","","",1,1,"","","","CodeableConcept {[]} {[]}
","Length of gestation at birth","Length of gestation at birth","","","","","","<valueCodeableConcept xmlns=""http://hl7.org/fhir"">
  <coding>
    <system value=""http://snomed.info/sct""/>
    <code value=""412726003""/>
    <display value=""Length of gestation at birth""/>
  </coding>
</valueCodeableConcept>","","","",,,,,"",,,,"BeModelChildReport.pregnancyDetails.durationOfPregnancy.code",1,1,"",""
"BeModelChildReport.pregnancyDetails.durationOfPregnancy.valueInteger","BeModelChildReport.pregnancyDetails.durationOfPregnancy.valueInteger","","","",1,1,"","","","integer {[]} {[]}
","The duration of pregnancy in weeks","The duration of pregnancy in weeks","","","","","","","","","",,,,,"",,,,"BeModelChildReport.pregnancyDetails.durationOfPregnancy.valueInteger",1,1,"",""
"BeModelChildReport.pregnancyDetails.pregnancyCMVInfection","BeModelChildReport.pregnancyDetails.pregnancyCMVInfection","","","",0,1,"","","","Base {[]} {[]}
","[BeObservation] Pregnancy CMV infection","Indicates whether CMV infection occurred during pregnancy.","","","","","","","","","",,,,,"",,,,"BeModelChildReport.pregnancyDetails.pregnancyCMVInfection",0,1,"",""
"BeModelChildReport.pregnancyDetails.pregnancyCMVInfection.subject","BeModelChildReport.pregnancyDetails.pregnancyCMVInfection.subject","","","",1,1,"","","","Reference {[]} {[]}
","Child","subject","","","","","","","","","",,,,,"",,,,"BeModelChildReport.pregnancyDetails.pregnancyCMVInfection.subject",1,1,"",""
"BeModelChildReport.pregnancyDetails.pregnancyCMVInfection.focus","BeModelChildReport.pregnancyDetails.pregnancyCMVInfection.focus","","","",0,1,"","","","Reference {[]} {[]}
","Mother","subject","","","","","","","","","",,,,,"",,,,"BeModelChildReport.pregnancyDetails.pregnancyCMVInfection.focus",0,1,"",""
"BeModelChildReport.pregnancyDetails.pregnancyCMVInfection.code","BeModelChildReport.pregnancyDetails.pregnancyCMVInfection.code","","","",1,1,"","","","CodeableConcept {[]} {[]}
","CMV infection during pregnancy","CMV infection during pregnancy","","","","","","<valueCodeableConcept xmlns=""http://hl7.org/fhir"">
  <coding>
    <code value=""cmv-infection-during-pregnancy""/>
    <display value=""CMV infection during pregnancy""/>
  </coding>
</valueCodeableConcept>","","","",,,,,"",,,,"BeModelChildReport.pregnancyDetails.pregnancyCMVInfection.code",1,1,"",""
"BeModelChildReport.pregnancyDetails.pregnancyCMVInfection.valueBoolean","BeModelChildReport.pregnancyDetails.pregnancyCMVInfection.valueBoolean","","","",1,1,"","","","boolean {[]} {[]}
","Indicates whether CMV infection occurred during pregnancy.","The value indicates whether the mother had a CMV infection during pregnancy.","","","","","","","","","",,,,,"",,,,"BeModelChildReport.pregnancyDetails.pregnancyCMVInfection.valueBoolean",1,1,"",""
"BeModelChildReport.bacterialMeningitis","BeModelChildReport.bacterialMeningitis","","","",0,1,"","","","Base {[]} {[]}
","[BeObservation] Bacterial meningitis","Indicates whether bacterial meningitis occurred during pregnancy.","","","","","","","","","",,,,,"",,,,"BeModelChildReport.bacterialMeningitis",0,1,"",""
"BeModelChildReport.bacterialMeningitis.code","BeModelChildReport.bacterialMeningitis.code","","","",1,1,"","","","CodeableConcept {[]} {[]}
","Code","Code","","","","","","<valueCodeableConcept xmlns=""http://hl7.org/fhir"">
  <coding>
    <code value=""bacterial-meningitis-during-pregnancy""/>
    <display value=""bacterial meningitis during pregnancy""/>
  </coding>
</valueCodeableConcept>","","","",,,,,"",,,,"BeModelChildReport.bacterialMeningitis.code",1,1,"",""
"BeModelChildReport.bacterialMeningitis.subject","BeModelChildReport.bacterialMeningitis.subject","","","",1,1,"","","","Reference {[]} {[]}
","Child","subject","","","","","","","","","",,,,,"",,,,"BeModelChildReport.bacterialMeningitis.subject",1,1,"",""
"BeModelChildReport.bacterialMeningitis.valueBoolean","BeModelChildReport.bacterialMeningitis.valueBoolean","","","",1,1,"","","","boolean {[]} {[]}
","Indicates whether bacterial meningitis occurred during pregnancy.","The value indicates whether the mother had a bacterial meningitis during pregnancy.","","","","","","","","","",,,,,"",,,,"BeModelChildReport.bacterialMeningitis.valueBoolean",1,1,"",""
"BeModelChildReport.neonatalHearingScreening","BeModelChildReport.neonatalHearingScreening","","","",0,*,"","","","Base {[]} {[]}
","[BeObservation] Neonatal hearing screening","Details about the neonatal hearing screening.","","","","","","","","","",,,,,"",,,,"BeModelChildReport.neonatalHearingScreening",0,*,"",""
"BeModelChildReport.neonatalHearingScreening.code","BeModelChildReport.neonatalHearingScreening.code","","","",1,1,"","","","CodeableConcept {[]} {[]}
","Code","Code","","","","","","<valueCodeableConcept xmlns=""http://hl7.org/fhir"">
  <coding>
    <code value=""neonatal-hearing-screening""/>
    <display value=""Neonatal hearing screening""/>
  </coding>
</valueCodeableConcept>","","","",,,,,"",,,,"BeModelChildReport.neonatalHearingScreening.code",1,1,"",""
"BeModelChildReport.neonatalHearingScreening.date","BeModelChildReport.neonatalHearingScreening.date","","","",1,1,"","","","date {[]} {[]}
","Date of neonatal hearing screening","The date of neonatal hearing screening.","","","","","","","","","",,,,,"",,,,"BeModelChildReport.neonatalHearingScreening.date",1,1,"",""
"BeModelChildReport.neonatalHearingScreening.subject","BeModelChildReport.neonatalHearingScreening.subject","","","",1,1,"","","","https://www.ehealth.fgov.be/standards/fhir/core/StructureDefinition/BeModelPatient {[]} {[]}
","Child that the report is about","The child that the report is about.","","","","","","","","","",,,,,"",,,,"BeModelChildReport.neonatalHearingScreening.subject",1,1,"",""
"BeModelChildReport.neonatalHearingScreeningLeft","BeModelChildReport.neonatalHearingScreeningLeft","","","",0,1,"","","","Base {[]} {[]}
","Left ear result","Result of neonatal hearing screening for the left ear.","","","","","","","","","",,,,,"",,,,"BeModelChildReport.neonatalHearingScreeningLeft",0,1,"",""
"BeModelChildReport.neonatalHearingScreeningLeft.date","BeModelChildReport.neonatalHearingScreeningLeft.date","","","",1,1,"","","","date {[]} {[]}
","Date of neonatal hearing screening","The date of neonatal hearing screening.","","","","","","","","","",,,,,"",,,,"BeModelChildReport.neonatalHearingScreeningLeft.date",1,1,"",""
"BeModelChildReport.neonatalHearingScreeningLeft.subject","BeModelChildReport.neonatalHearingScreeningLeft.subject","","","",1,1,"","","","https://www.ehealth.fgov.be/standards/fhir/core/StructureDefinition/BeModelPatient {[]} {[]}
","Child that the report is about","The child that the report is about.","","","","","","","","","",,,,,"",,,,"BeModelChildReport.neonatalHearingScreeningLeft.subject",1,1,"",""
"BeModelChildReport.neonatalHearingScreeningLeft.subject.names","BeModelChildReport.neonatalHearingScreeningLeft.subject.names","","","",0,*,"","","","BackboneElement {[]} {[]}
","Names","Names","","","","","","","","","",,,,,"",,,,"BeModelPatient.names",0,*,"","ele-1:All FHIR elements must have a @value or children {hasValue() or (children().count() > id.count())}
"
"BeModelChildReport.neonatalHearingScreeningLeft.subject.names.id","BeModelChildReport.neonatalHearingScreeningLeft.subject.names.id","","","",0,1,"","","","string {[]} {[]}
","Unique id for inter-element referencing","Unique id for the element within a resource (for internal references). This may be any string value that does not contain spaces.","","","","","","","","","",,,,,"",,,,"Element.id",0,1,"",""
"BeModelChildReport.neonatalHearingScreeningLeft.subject.names.extension","BeModelChildReport.neonatalHearingScreeningLeft.subject.names.extension","","extensions
user content","",0,*,"","","","Extension {[]} {[]}
","Additional content defined by implementations","May be used to represent additional information that is not part of the basic definition of the element. To make the use of extensions safe and manageable, there is a strict set of governance  applied to the definition and use of extensions. Though any implementer can define an extension, there is a set of requirements that SHALL be met as part of the definition of the extension.","There can be no stigma associated with the use of extensions by any application, project, or standard - regardless of the institution or jurisdiction that uses or defines the extensions.  The use of extensions is what allows the FHIR specification to retain a core level of simplicity for everyone.","","","","","","","","",,,,,"","value:url}
","Extensions are always sliced by (at least) url",,"open","Element.extension",0,*,"","ele-1:All FHIR elements must have a @value or children {hasValue() or (children().count() > id.count())}
ext-1:Must have either extensions or value[x], not both {extension.exists() != value.exists()}"
"BeModelChildReport.neonatalHearingScreeningLeft.subject.names.modifierExtension","BeModelChildReport.neonatalHearingScreeningLeft.subject.names.modifierExtension","","extensions
user contentmodifiers","",0,*,"","Y","Y","Extension {[]} {[]}
","Extensions that cannot be ignored even if unrecognized","May be used to represent additional information that is not part of the basic definition of the element and that modifies the understanding of the element in which it is contained and/or the understanding of the containing element's descendants. Usually modifier elements provide negation or qualification. To make the use of extensions safe and manageable, there is a strict set of governance applied to the definition and use of extensions. Though any implementer can define an extension, there is a set of requirements that SHALL be met as part of the definition of the extension. Applications processing a resource are required to check for modifier extensions.

Modifier extensions SHALL NOT change the meaning of any elements on Resource or DomainResource (including cannot change the meaning of modifierExtension itself).","There can be no stigma associated with the use of extensions by any application, project, or standard - regardless of the institution or jurisdiction that uses or defines the extensions.  The use of extensions is what allows the FHIR specification to retain a core level of simplicity for everyone.","Modifier extensions allow for extensions that *cannot* be safely ignored to be clearly distinguished from the vast majority of extensions which can be safely ignored.  This promotes interoperability by eliminating the need for implementers to prohibit the presence of extensions. For further information, see the [definition of modifier extensions](http://hl7.org/fhir/R4/extensibility.html#modifierExtension).","","","","","","","",,,,,"",,,,"BackboneElement.modifierExtension",0,*,"","ele-1:All FHIR elements must have a @value or children {hasValue() or (children().count() > id.count())}
ext-1:Must have either extensions or value[x], not both {extension.exists() != value.exists()}"
"BeModelChildReport.neonatalHearingScreeningLeft.subject.names.usage","BeModelChildReport.neonatalHearingScreeningLeft.subject.names.usage","","","",0,1,"","","","CodeableConcept {[]} {[]}
","Usage context of the name (e.g. NR 11, if the name is used as a pseudonym)","Usage context of the name (e.g. NR 11, if the name is used as a pseudonym)","","","","","","","","","",,,,,"",,,,"BeModelPatient.names.usage",0,1,"",""
"BeModelChildReport.neonatalHearingScreeningLeft.subject.names.familyname","BeModelChildReport.neonatalHearingScreeningLeft.subject.names.familyname","","","",0,1,"","","","string {[]} {[]}
","Surname (NR 10)","Surname (NR 10)","","","","","","","","","",,,,,"",,,,"BeModelPatient.names.familyname",0,1,"",""
"BeModelChildReport.neonatalHearingScreeningLeft.subject.names.firstnames","BeModelChildReport.neonatalHearingScreeningLeft.subject.names.firstnames","","","",0,1,"","","","string {[]} {[]}
","Given names (NR 10)","Given names (NR 10)","","","","","","","","","",,,,,"",,,,"BeModelPatient.names.firstnames",0,1,"",""
"BeModelChildReport.neonatalHearingScreeningLeft.subject.names.title","BeModelChildReport.neonatalHearingScreeningLeft.subject.names.title","","","",0,1,"","","","string {[]} {[]}
","Title of nobility (NR 12)","Title of nobility (NR 12)","","","","","","","","","",,,,,"",,,,"BeModelPatient.names.title",0,1,"",""
"BeModelChildReport.neonatalHearingScreeningLeft.subject.names.period","BeModelChildReport.neonatalHearingScreeningLeft.subject.names.period","","","",0,1,"","","","Period {[]} {[]}
","Period of validity of the name (e.g. NR 13 Change of name, first names and title of nobility)","Period of validity of the name (e.g. NR 13 Change of name, first names and title of nobility)","","","","","","","","","",,,,,"",,,,"BeModelPatient.names.period",0,1,"",""
"BeModelChildReport.neonatalHearingScreeningLeft.subject.birth","BeModelChildReport.neonatalHearingScreeningLeft.subject.birth","","","",0,1,"","","","BackboneElement {[]} {[]}
","Birth data","Birth data","","","","","","","","","",,,,,"",,,,"BeModelPatient.birth",0,1,"","ele-1:All FHIR elements must have a @value or children {hasValue() or (children().count() > id.count())}
"
"BeModelChildReport.neonatalHearingScreeningLeft.subject.birth.id","BeModelChildReport.neonatalHearingScreeningLeft.subject.birth.id","","","",0,1,"","","","string {[]} {[]}
","Unique id for inter-element referencing","Unique id for the element within a resource (for internal references). This may be any string value that does not contain spaces.","","","","","","","","","",,,,,"",,,,"Element.id",0,1,"",""
"BeModelChildReport.neonatalHearingScreeningLeft.subject.birth.extension","BeModelChildReport.neonatalHearingScreeningLeft.subject.birth.extension","","extensions
user content","",0,*,"","","","Extension {[]} {[]}
","Additional content defined by implementations","May be used to represent additional information that is not part of the basic definition of the element. To make the use of extensions safe and manageable, there is a strict set of governance  applied to the definition and use of extensions. Though any implementer can define an extension, there is a set of requirements that SHALL be met as part of the definition of the extension.","There can be no stigma associated with the use of extensions by any application, project, or standard - regardless of the institution or jurisdiction that uses or defines the extensions.  The use of extensions is what allows the FHIR specification to retain a core level of simplicity for everyone.","","","","","","","","",,,,,"","value:url}
","Extensions are always sliced by (at least) url",,"open","Element.extension",0,*,"","ele-1:All FHIR elements must have a @value or children {hasValue() or (children().count() > id.count())}
ext-1:Must have either extensions or value[x], not both {extension.exists() != value.exists()}"
"BeModelChildReport.neonatalHearingScreeningLeft.subject.birth.modifierExtension","BeModelChildReport.neonatalHearingScreeningLeft.subject.birth.modifierExtension","","extensions
user contentmodifiers","",0,*,"","Y","Y","Extension {[]} {[]}
","Extensions that cannot be ignored even if unrecognized","May be used to represent additional information that is not part of the basic definition of the element and that modifies the understanding of the element in which it is contained and/or the understanding of the containing element's descendants. Usually modifier elements provide negation or qualification. To make the use of extensions safe and manageable, there is a strict set of governance applied to the definition and use of extensions. Though any implementer can define an extension, there is a set of requirements that SHALL be met as part of the definition of the extension. Applications processing a resource are required to check for modifier extensions.

Modifier extensions SHALL NOT change the meaning of any elements on Resource or DomainResource (including cannot change the meaning of modifierExtension itself).","There can be no stigma associated with the use of extensions by any application, project, or standard - regardless of the institution or jurisdiction that uses or defines the extensions.  The use of extensions is what allows the FHIR specification to retain a core level of simplicity for everyone.","Modifier extensions allow for extensions that *cannot* be safely ignored to be clearly distinguished from the vast majority of extensions which can be safely ignored.  This promotes interoperability by eliminating the need for implementers to prohibit the presence of extensions. For further information, see the [definition of modifier extensions](http://hl7.org/fhir/R4/extensibility.html#modifierExtension).","","","","","","","",,,,,"",,,,"BackboneElement.modifierExtension",0,*,"","ele-1:All FHIR elements must have a @value or children {hasValue() or (children().count() > id.count())}
ext-1:Must have either extensions or value[x], not both {extension.exists() != value.exists()}"
"BeModelChildReport.neonatalHearingScreeningLeft.subject.birth.address","BeModelChildReport.neonatalHearingScreeningLeft.subject.birth.address","","","",0,1,"","","","Address {[]} {[]}
","Place of birth (NR 100 or NR 101)","Place of birth (NR 100 or NR 101)","","","","","","","","","",,,,,"",,,,"BeModelPatient.birth.address",0,1,"",""
"BeModelChildReport.neonatalHearingScreeningLeft.subject.birth.date","BeModelChildReport.neonatalHearingScreeningLeft.subject.birth.date","","","",0,1,"","","","dateTime {[]} {[]}
","Date of birth (NR 100 or NR 101)","Date of birth (NR 100 or NR 101)","","","","","","","","","",,,,,"",,,,"BeModelPatient.birth.date",0,1,"",""
"BeModelChildReport.neonatalHearingScreeningLeft.subject.gender","BeModelChildReport.neonatalHearingScreeningLeft.subject.gender","","","",0,1,"","","","BackboneElement {[]} {[]}
","Gender","Gender","","","","","","","","","",,,,,"",,,,"BeModelPatient.gender",0,1,"","ele-1:All FHIR elements must have a @value or children {hasValue() or (children().count() > id.count())}
"
"BeModelChildReport.neonatalHearingScreeningLeft.subject.gender.id","BeModelChildReport.neonatalHearingScreeningLeft.subject.gender.id","","","",0,1,"","","","string {[]} {[]}
","Unique id for inter-element referencing","Unique id for the element within a resource (for internal references). This may be any string value that does not contain spaces.","","","","","","","","","",,,,,"",,,,"Element.id",0,1,"",""
"BeModelChildReport.neonatalHearingScreeningLeft.subject.gender.extension","BeModelChildReport.neonatalHearingScreeningLeft.subject.gender.extension","","extensions
user content","",0,*,"","","","Extension {[]} {[]}
","Additional content defined by implementations","May be used to represent additional information that is not part of the basic definition of the element. To make the use of extensions safe and manageable, there is a strict set of governance  applied to the definition and use of extensions. Though any implementer can define an extension, there is a set of requirements that SHALL be met as part of the definition of the extension.","There can be no stigma associated with the use of extensions by any application, project, or standard - regardless of the institution or jurisdiction that uses or defines the extensions.  The use of extensions is what allows the FHIR specification to retain a core level of simplicity for everyone.","","","","","","","","",,,,,"","value:url}
","Extensions are always sliced by (at least) url",,"open","Element.extension",0,*,"","ele-1:All FHIR elements must have a @value or children {hasValue() or (children().count() > id.count())}
ext-1:Must have either extensions or value[x], not both {extension.exists() != value.exists()}"
"BeModelChildReport.neonatalHearingScreeningLeft.subject.gender.modifierExtension","BeModelChildReport.neonatalHearingScreeningLeft.subject.gender.modifierExtension","","extensions
user contentmodifiers","",0,*,"","Y","Y","Extension {[]} {[]}
","Extensions that cannot be ignored even if unrecognized","May be used to represent additional information that is not part of the basic definition of the element and that modifies the understanding of the element in which it is contained and/or the understanding of the containing element's descendants. Usually modifier elements provide negation or qualification. To make the use of extensions safe and manageable, there is a strict set of governance applied to the definition and use of extensions. Though any implementer can define an extension, there is a set of requirements that SHALL be met as part of the definition of the extension. Applications processing a resource are required to check for modifier extensions.

Modifier extensions SHALL NOT change the meaning of any elements on Resource or DomainResource (including cannot change the meaning of modifierExtension itself).","There can be no stigma associated with the use of extensions by any application, project, or standard - regardless of the institution or jurisdiction that uses or defines the extensions.  The use of extensions is what allows the FHIR specification to retain a core level of simplicity for everyone.","Modifier extensions allow for extensions that *cannot* be safely ignored to be clearly distinguished from the vast majority of extensions which can be safely ignored.  This promotes interoperability by eliminating the need for implementers to prohibit the presence of extensions. For further information, see the [definition of modifier extensions](http://hl7.org/fhir/R4/extensibility.html#modifierExtension).","","","","","","","",,,,,"",,,,"BackboneElement.modifierExtension",0,*,"","ele-1:All FHIR elements must have a @value or children {hasValue() or (children().count() > id.count())}
ext-1:Must have either extensions or value[x], not both {extension.exists() != value.exists()}"
"BeModelChildReport.neonatalHearingScreeningLeft.subject.gender.administrative","BeModelChildReport.neonatalHearingScreeningLeft.subject.gender.administrative","","","",0,1,"","","","CodeableConcept {[]} {[]}
","Gender (integrated in the identification no.: 000)","Gender (integrated in the identification no.: 000)","","","","","","","","","",,,,,"",,,,"BeModelPatient.gender.administrative",0,1,"",""
"BeModelChildReport.neonatalHearingScreeningLeft.subject.gender.atbirth","BeModelChildReport.neonatalHearingScreeningLeft.subject.gender.atbirth","","","",0,1,"","","","CodeableConcept {[]} {[]}
","Gender at birth, accounts for gender changes and errors (NR 2 and NR 4)","Gender at birth, accounts for gender changes and errors (NR 2 and NR 4)","","","","","","","","","",,,,,"",,,,"BeModelPatient.gender.atbirth",0,1,"",""
"BeModelChildReport.neonatalHearingScreeningLeft.subject.gender.social","BeModelChildReport.neonatalHearingScreeningLeft.subject.gender.social","","","",0,1,"","","","CodeableConcept {[]} {[]}
","Gender the person identifies with","Gender the person identifies with","","","","","","","","","",,,,,"",,,,"BeModelPatient.gender.social",0,1,"",""
"BeModelChildReport.neonatalHearingScreeningLeft.subject.nationality","BeModelChildReport.neonatalHearingScreeningLeft.subject.nationality","","","",0,*,"","","","CodeableConcept {[]} {[]}
","Current nationality (and dual nationality) (NR 31, NR 32)","Current nationality (and dual nationality) (NR 31, NR 32)","","","","","","","","","",,,,,"",,,,"BeModelPatient.nationality",0,*,"",""
"BeModelChildReport.neonatalHearingScreeningLeft.subject.residence","BeModelChildReport.neonatalHearingScreeningLeft.subject.residence","","","",0,*,"","","","Address {[]} {[]}
","Main and other residences (NR 1, 3, 5, 18, 19, 20,22, 23, 24, 26, 27). NR 252 will be covered by other privacy rules.","Main and other residences (NR 1, 3, 5, 18, 19, 20,22, 23, 24, 26, 27). NR 252 will be covered by other privacy rules.","","","","","","","","","",,,,,"",,,,"BeModelPatient.residence",0,*,"",""
"BeModelChildReport.neonatalHearingScreeningLeft.subject.death","BeModelChildReport.neonatalHearingScreeningLeft.subject.death","","","",0,1,"","","","BackboneElement {[]} {[]}
","Date and state of death (place of death is not clinically relevant, and we only care about factual death, not absence (NR 151) or administrative/judicial death (NR 150))","Date and state of death (place of death is not clinically relevant, and we only care about factual death, not absence (NR 151) or administrative/judicial death (NR 150))","","","","","","","","","",,,,,"",,,,"BeModelPatient.death",0,1,"","ele-1:All FHIR elements must have a @value or children {hasValue() or (children().count() > id.count())}
"
"BeModelChildReport.neonatalHearingScreeningLeft.subject.death.id","BeModelChildReport.neonatalHearingScreeningLeft.subject.death.id","","","",0,1,"","","","string {[]} {[]}
","Unique id for inter-element referencing","Unique id for the element within a resource (for internal references). This may be any string value that does not contain spaces.","","","","","","","","","",,,,,"",,,,"Element.id",0,1,"",""
"BeModelChildReport.neonatalHearingScreeningLeft.subject.death.extension","BeModelChildReport.neonatalHearingScreeningLeft.subject.death.extension","","extensions
user content","",0,*,"","","","Extension {[]} {[]}
","Additional content defined by implementations","May be used to represent additional information that is not part of the basic definition of the element. To make the use of extensions safe and manageable, there is a strict set of governance  applied to the definition and use of extensions. Though any implementer can define an extension, there is a set of requirements that SHALL be met as part of the definition of the extension.","There can be no stigma associated with the use of extensions by any application, project, or standard - regardless of the institution or jurisdiction that uses or defines the extensions.  The use of extensions is what allows the FHIR specification to retain a core level of simplicity for everyone.","","","","","","","","",,,,,"","value:url}
","Extensions are always sliced by (at least) url",,"open","Element.extension",0,*,"","ele-1:All FHIR elements must have a @value or children {hasValue() or (children().count() > id.count())}
ext-1:Must have either extensions or value[x], not both {extension.exists() != value.exists()}"
"BeModelChildReport.neonatalHearingScreeningLeft.subject.death.modifierExtension","BeModelChildReport.neonatalHearingScreeningLeft.subject.death.modifierExtension","","extensions
user contentmodifiers","",0,*,"","Y","Y","Extension {[]} {[]}
","Extensions that cannot be ignored even if unrecognized","May be used to represent additional information that is not part of the basic definition of the element and that modifies the understanding of the element in which it is contained and/or the understanding of the containing element's descendants. Usually modifier elements provide negation or qualification. To make the use of extensions safe and manageable, there is a strict set of governance applied to the definition and use of extensions. Though any implementer can define an extension, there is a set of requirements that SHALL be met as part of the definition of the extension. Applications processing a resource are required to check for modifier extensions.

Modifier extensions SHALL NOT change the meaning of any elements on Resource or DomainResource (including cannot change the meaning of modifierExtension itself).","There can be no stigma associated with the use of extensions by any application, project, or standard - regardless of the institution or jurisdiction that uses or defines the extensions.  The use of extensions is what allows the FHIR specification to retain a core level of simplicity for everyone.","Modifier extensions allow for extensions that *cannot* be safely ignored to be clearly distinguished from the vast majority of extensions which can be safely ignored.  This promotes interoperability by eliminating the need for implementers to prohibit the presence of extensions. For further information, see the [definition of modifier extensions](http://hl7.org/fhir/R4/extensibility.html#modifierExtension).","","","","","","","",,,,,"",,,,"BackboneElement.modifierExtension",0,*,"","ele-1:All FHIR elements must have a @value or children {hasValue() or (children().count() > id.count())}
ext-1:Must have either extensions or value[x], not both {extension.exists() != value.exists()}"
"BeModelChildReport.neonatalHearingScreeningLeft.subject.death.date","BeModelChildReport.neonatalHearingScreeningLeft.subject.death.date","","","",0,1,"","","","dateTime {[]} {[]}
","Date of death","Date of death","","","","","","","","","",,,,,"",,,,"BeModelPatient.death.date",0,1,"",""
"BeModelChildReport.neonatalHearingScreeningLeft.subject.death.deceased","BeModelChildReport.neonatalHearingScreeningLeft.subject.death.deceased","","","",0,1,"","","","boolean {[]} {[]}
","The person is deceased","The person is deceased","","","","","","","","","",,,,,"",,,,"BeModelPatient.death.deceased",0,1,"",""
"BeModelChildReport.neonatalHearingScreeningLeft.subject.maritalstatus","BeModelChildReport.neonatalHearingScreeningLeft.subject.maritalstatus","","","",0,1,"","","","CodeableConcept {[]} {[]}
","Marital Status","Marital Status","","","","","","","","","",,,,,"",,,,"BeModelPatient.maritalstatus",0,1,"",""
"BeModelChildReport.neonatalHearingScreeningLeft.subject.code","BeModelChildReport.neonatalHearingScreeningLeft.subject.code","","","",1,1,"","","","CodeableConcept {[]} {[]}
","Result of neonatal hearing screening - left","Result of neonatal hearing screening - left","","","","","","<valueCodeableConcept xmlns=""http://hl7.org/fhir"">
  <coding>
    <code value=""neonatal-hearing-screening-left""/>
    <display value=""Result of neonatal hearing screening (left ear)""/>
  </coding>
</valueCodeableConcept>","","","",,,,,"",,,,"BeModelChildReport.neonatalHearingScreeningLeft.subject.code",1,1,"",""
"BeModelChildReport.neonatalHearingScreeningLeft.subject.valueCode","BeModelChildReport.neonatalHearingScreeningLeft.subject.valueCode","","","",1,1,"","","","code {[]} {[]}
","Result of neonatal hearing screening (left ear)","Neonatal hearing screening result for the left ear.","","","","","","","","","",,"required","","https://www.ehealth.fgov.be/standards/fhir/childrecord/ValueSet/VSNeonatalHearingScreeningResults","",,,,"BeModelChildReport.neonatalHearingScreeningLeft.subject.valueCode",1,1,"",""
"BeModelChildReport.neonatalHearingScreeningRight","BeModelChildReport.neonatalHearingScreeningRight","","","",0,1,"","","","Base {[]} {[]}
","Right ear result","Result of neonatal hearing screening for the right ear.","","","","","","","","","",,,,,"",,,,"BeModelChildReport.neonatalHearingScreeningRight",0,1,"",""
"BeModelChildReport.neonatalHearingScreeningRight.date","BeModelChildReport.neonatalHearingScreeningRight.date","","","",1,1,"","","","date {[]} {[]}
","Date of neonatal hearing screening","The date of neonatal hearing screening.","","","","","","","","","",,,,,"",,,,"BeModelChildReport.neonatalHearingScreeningRight.date",1,1,"",""
"BeModelChildReport.neonatalHearingScreeningRight.subject","BeModelChildReport.neonatalHearingScreeningRight.subject","","","",1,1,"","","","https://www.ehealth.fgov.be/standards/fhir/core/StructureDefinition/BeModelPatient {[]} {[]}
","Child that the report is about","The child that the report is about.","","","","","","","","","",,,,,"",,,,"BeModelChildReport.neonatalHearingScreeningRight.subject",1,1,"",""
"BeModelChildReport.neonatalHearingScreeningRight.subject.names","BeModelChildReport.neonatalHearingScreeningRight.subject.names","","","",0,*,"","","","BackboneElement {[]} {[]}
","Names","Names","","","","","","","","","",,,,,"",,,,"BeModelPatient.names",0,*,"","ele-1:All FHIR elements must have a @value or children {hasValue() or (children().count() > id.count())}
"
"BeModelChildReport.neonatalHearingScreeningRight.subject.names.id","BeModelChildReport.neonatalHearingScreeningRight.subject.names.id","","","",0,1,"","","","string {[]} {[]}
","Unique id for inter-element referencing","Unique id for the element within a resource (for internal references). This may be any string value that does not contain spaces.","","","","","","","","","",,,,,"",,,,"Element.id",0,1,"",""
"BeModelChildReport.neonatalHearingScreeningRight.subject.names.extension","BeModelChildReport.neonatalHearingScreeningRight.subject.names.extension","","extensions
user content","",0,*,"","","","Extension {[]} {[]}
","Additional content defined by implementations","May be used to represent additional information that is not part of the basic definition of the element. To make the use of extensions safe and manageable, there is a strict set of governance  applied to the definition and use of extensions. Though any implementer can define an extension, there is a set of requirements that SHALL be met as part of the definition of the extension.","There can be no stigma associated with the use of extensions by any application, project, or standard - regardless of the institution or jurisdiction that uses or defines the extensions.  The use of extensions is what allows the FHIR specification to retain a core level of simplicity for everyone.","","","","","","","","",,,,,"","value:url}
","Extensions are always sliced by (at least) url",,"open","Element.extension",0,*,"","ele-1:All FHIR elements must have a @value or children {hasValue() or (children().count() > id.count())}
ext-1:Must have either extensions or value[x], not both {extension.exists() != value.exists()}"
"BeModelChildReport.neonatalHearingScreeningRight.subject.names.modifierExtension","BeModelChildReport.neonatalHearingScreeningRight.subject.names.modifierExtension","","extensions
user contentmodifiers","",0,*,"","Y","Y","Extension {[]} {[]}
","Extensions that cannot be ignored even if unrecognized","May be used to represent additional information that is not part of the basic definition of the element and that modifies the understanding of the element in which it is contained and/or the understanding of the containing element's descendants. Usually modifier elements provide negation or qualification. To make the use of extensions safe and manageable, there is a strict set of governance applied to the definition and use of extensions. Though any implementer can define an extension, there is a set of requirements that SHALL be met as part of the definition of the extension. Applications processing a resource are required to check for modifier extensions.

Modifier extensions SHALL NOT change the meaning of any elements on Resource or DomainResource (including cannot change the meaning of modifierExtension itself).","There can be no stigma associated with the use of extensions by any application, project, or standard - regardless of the institution or jurisdiction that uses or defines the extensions.  The use of extensions is what allows the FHIR specification to retain a core level of simplicity for everyone.","Modifier extensions allow for extensions that *cannot* be safely ignored to be clearly distinguished from the vast majority of extensions which can be safely ignored.  This promotes interoperability by eliminating the need for implementers to prohibit the presence of extensions. For further information, see the [definition of modifier extensions](http://hl7.org/fhir/R4/extensibility.html#modifierExtension).","","","","","","","",,,,,"",,,,"BackboneElement.modifierExtension",0,*,"","ele-1:All FHIR elements must have a @value or children {hasValue() or (children().count() > id.count())}
ext-1:Must have either extensions or value[x], not both {extension.exists() != value.exists()}"
"BeModelChildReport.neonatalHearingScreeningRight.subject.names.usage","BeModelChildReport.neonatalHearingScreeningRight.subject.names.usage","","","",0,1,"","","","CodeableConcept {[]} {[]}
","Usage context of the name (e.g. NR 11, if the name is used as a pseudonym)","Usage context of the name (e.g. NR 11, if the name is used as a pseudonym)","","","","","","","","","",,,,,"",,,,"BeModelPatient.names.usage",0,1,"",""
"BeModelChildReport.neonatalHearingScreeningRight.subject.names.familyname","BeModelChildReport.neonatalHearingScreeningRight.subject.names.familyname","","","",0,1,"","","","string {[]} {[]}
","Surname (NR 10)","Surname (NR 10)","","","","","","","","","",,,,,"",,,,"BeModelPatient.names.familyname",0,1,"",""
"BeModelChildReport.neonatalHearingScreeningRight.subject.names.firstnames","BeModelChildReport.neonatalHearingScreeningRight.subject.names.firstnames","","","",0,1,"","","","string {[]} {[]}
","Given names (NR 10)","Given names (NR 10)","","","","","","","","","",,,,,"",,,,"BeModelPatient.names.firstnames",0,1,"",""
"BeModelChildReport.neonatalHearingScreeningRight.subject.names.title","BeModelChildReport.neonatalHearingScreeningRight.subject.names.title","","","",0,1,"","","","string {[]} {[]}
","Title of nobility (NR 12)","Title of nobility (NR 12)","","","","","","","","","",,,,,"",,,,"BeModelPatient.names.title",0,1,"",""
"BeModelChildReport.neonatalHearingScreeningRight.subject.names.period","BeModelChildReport.neonatalHearingScreeningRight.subject.names.period","","","",0,1,"","","","Period {[]} {[]}
","Period of validity of the name (e.g. NR 13 Change of name, first names and title of nobility)","Period of validity of the name (e.g. NR 13 Change of name, first names and title of nobility)","","","","","","","","","",,,,,"",,,,"BeModelPatient.names.period",0,1,"",""
"BeModelChildReport.neonatalHearingScreeningRight.subject.birth","BeModelChildReport.neonatalHearingScreeningRight.subject.birth","","","",0,1,"","","","BackboneElement {[]} {[]}
","Birth data","Birth data","","","","","","","","","",,,,,"",,,,"BeModelPatient.birth",0,1,"","ele-1:All FHIR elements must have a @value or children {hasValue() or (children().count() > id.count())}
"
"BeModelChildReport.neonatalHearingScreeningRight.subject.birth.id","BeModelChildReport.neonatalHearingScreeningRight.subject.birth.id","","","",0,1,"","","","string {[]} {[]}
","Unique id for inter-element referencing","Unique id for the element within a resource (for internal references). This may be any string value that does not contain spaces.","","","","","","","","","",,,,,"",,,,"Element.id",0,1,"",""
"BeModelChildReport.neonatalHearingScreeningRight.subject.birth.extension","BeModelChildReport.neonatalHearingScreeningRight.subject.birth.extension","","extensions
user content","",0,*,"","","","Extension {[]} {[]}
","Additional content defined by implementations","May be used to represent additional information that is not part of the basic definition of the element. To make the use of extensions safe and manageable, there is a strict set of governance  applied to the definition and use of extensions. Though any implementer can define an extension, there is a set of requirements that SHALL be met as part of the definition of the extension.","There can be no stigma associated with the use of extensions by any application, project, or standard - regardless of the institution or jurisdiction that uses or defines the extensions.  The use of extensions is what allows the FHIR specification to retain a core level of simplicity for everyone.","","","","","","","","",,,,,"","value:url}
","Extensions are always sliced by (at least) url",,"open","Element.extension",0,*,"","ele-1:All FHIR elements must have a @value or children {hasValue() or (children().count() > id.count())}
ext-1:Must have either extensions or value[x], not both {extension.exists() != value.exists()}"
"BeModelChildReport.neonatalHearingScreeningRight.subject.birth.modifierExtension","BeModelChildReport.neonatalHearingScreeningRight.subject.birth.modifierExtension","","extensions
user contentmodifiers","",0,*,"","Y","Y","Extension {[]} {[]}
","Extensions that cannot be ignored even if unrecognized","May be used to represent additional information that is not part of the basic definition of the element and that modifies the understanding of the element in which it is contained and/or the understanding of the containing element's descendants. Usually modifier elements provide negation or qualification. To make the use of extensions safe and manageable, there is a strict set of governance applied to the definition and use of extensions. Though any implementer can define an extension, there is a set of requirements that SHALL be met as part of the definition of the extension. Applications processing a resource are required to check for modifier extensions.

Modifier extensions SHALL NOT change the meaning of any elements on Resource or DomainResource (including cannot change the meaning of modifierExtension itself).","There can be no stigma associated with the use of extensions by any application, project, or standard - regardless of the institution or jurisdiction that uses or defines the extensions.  The use of extensions is what allows the FHIR specification to retain a core level of simplicity for everyone.","Modifier extensions allow for extensions that *cannot* be safely ignored to be clearly distinguished from the vast majority of extensions which can be safely ignored.  This promotes interoperability by eliminating the need for implementers to prohibit the presence of extensions. For further information, see the [definition of modifier extensions](http://hl7.org/fhir/R4/extensibility.html#modifierExtension).","","","","","","","",,,,,"",,,,"BackboneElement.modifierExtension",0,*,"","ele-1:All FHIR elements must have a @value or children {hasValue() or (children().count() > id.count())}
ext-1:Must have either extensions or value[x], not both {extension.exists() != value.exists()}"
"BeModelChildReport.neonatalHearingScreeningRight.subject.birth.address","BeModelChildReport.neonatalHearingScreeningRight.subject.birth.address","","","",0,1,"","","","Address {[]} {[]}
","Place of birth (NR 100 or NR 101)","Place of birth (NR 100 or NR 101)","","","","","","","","","",,,,,"",,,,"BeModelPatient.birth.address",0,1,"",""
"BeModelChildReport.neonatalHearingScreeningRight.subject.birth.date","BeModelChildReport.neonatalHearingScreeningRight.subject.birth.date","","","",0,1,"","","","dateTime {[]} {[]}
","Date of birth (NR 100 or NR 101)","Date of birth (NR 100 or NR 101)","","","","","","","","","",,,,,"",,,,"BeModelPatient.birth.date",0,1,"",""
"BeModelChildReport.neonatalHearingScreeningRight.subject.gender","BeModelChildReport.neonatalHearingScreeningRight.subject.gender","","","",0,1,"","","","BackboneElement {[]} {[]}
","Gender","Gender","","","","","","","","","",,,,,"",,,,"BeModelPatient.gender",0,1,"","ele-1:All FHIR elements must have a @value or children {hasValue() or (children().count() > id.count())}
"
"BeModelChildReport.neonatalHearingScreeningRight.subject.gender.id","BeModelChildReport.neonatalHearingScreeningRight.subject.gender.id","","","",0,1,"","","","string {[]} {[]}
","Unique id for inter-element referencing","Unique id for the element within a resource (for internal references). This may be any string value that does not contain spaces.","","","","","","","","","",,,,,"",,,,"Element.id",0,1,"",""
"BeModelChildReport.neonatalHearingScreeningRight.subject.gender.extension","BeModelChildReport.neonatalHearingScreeningRight.subject.gender.extension","","extensions
user content","",0,*,"","","","Extension {[]} {[]}
","Additional content defined by implementations","May be used to represent additional information that is not part of the basic definition of the element. To make the use of extensions safe and manageable, there is a strict set of governance  applied to the definition and use of extensions. Though any implementer can define an extension, there is a set of requirements that SHALL be met as part of the definition of the extension.","There can be no stigma associated with the use of extensions by any application, project, or standard - regardless of the institution or jurisdiction that uses or defines the extensions.  The use of extensions is what allows the FHIR specification to retain a core level of simplicity for everyone.","","","","","","","","",,,,,"","value:url}
","Extensions are always sliced by (at least) url",,"open","Element.extension",0,*,"","ele-1:All FHIR elements must have a @value or children {hasValue() or (children().count() > id.count())}
ext-1:Must have either extensions or value[x], not both {extension.exists() != value.exists()}"
"BeModelChildReport.neonatalHearingScreeningRight.subject.gender.modifierExtension","BeModelChildReport.neonatalHearingScreeningRight.subject.gender.modifierExtension","","extensions
user contentmodifiers","",0,*,"","Y","Y","Extension {[]} {[]}
","Extensions that cannot be ignored even if unrecognized","May be used to represent additional information that is not part of the basic definition of the element and that modifies the understanding of the element in which it is contained and/or the understanding of the containing element's descendants. Usually modifier elements provide negation or qualification. To make the use of extensions safe and manageable, there is a strict set of governance applied to the definition and use of extensions. Though any implementer can define an extension, there is a set of requirements that SHALL be met as part of the definition of the extension. Applications processing a resource are required to check for modifier extensions.

Modifier extensions SHALL NOT change the meaning of any elements on Resource or DomainResource (including cannot change the meaning of modifierExtension itself).","There can be no stigma associated with the use of extensions by any application, project, or standard - regardless of the institution or jurisdiction that uses or defines the extensions.  The use of extensions is what allows the FHIR specification to retain a core level of simplicity for everyone.","Modifier extensions allow for extensions that *cannot* be safely ignored to be clearly distinguished from the vast majority of extensions which can be safely ignored.  This promotes interoperability by eliminating the need for implementers to prohibit the presence of extensions. For further information, see the [definition of modifier extensions](http://hl7.org/fhir/R4/extensibility.html#modifierExtension).","","","","","","","",,,,,"",,,,"BackboneElement.modifierExtension",0,*,"","ele-1:All FHIR elements must have a @value or children {hasValue() or (children().count() > id.count())}
ext-1:Must have either extensions or value[x], not both {extension.exists() != value.exists()}"
"BeModelChildReport.neonatalHearingScreeningRight.subject.gender.administrative","BeModelChildReport.neonatalHearingScreeningRight.subject.gender.administrative","","","",0,1,"","","","CodeableConcept {[]} {[]}
","Gender (integrated in the identification no.: 000)","Gender (integrated in the identification no.: 000)","","","","","","","","","",,,,,"",,,,"BeModelPatient.gender.administrative",0,1,"",""
"BeModelChildReport.neonatalHearingScreeningRight.subject.gender.atbirth","BeModelChildReport.neonatalHearingScreeningRight.subject.gender.atbirth","","","",0,1,"","","","CodeableConcept {[]} {[]}
","Gender at birth, accounts for gender changes and errors (NR 2 and NR 4)","Gender at birth, accounts for gender changes and errors (NR 2 and NR 4)","","","","","","","","","",,,,,"",,,,"BeModelPatient.gender.atbirth",0,1,"",""
"BeModelChildReport.neonatalHearingScreeningRight.subject.gender.social","BeModelChildReport.neonatalHearingScreeningRight.subject.gender.social","","","",0,1,"","","","CodeableConcept {[]} {[]}
","Gender the person identifies with","Gender the person identifies with","","","","","","","","","",,,,,"",,,,"BeModelPatient.gender.social",0,1,"",""
"BeModelChildReport.neonatalHearingScreeningRight.subject.nationality","BeModelChildReport.neonatalHearingScreeningRight.subject.nationality","","","",0,*,"","","","CodeableConcept {[]} {[]}
","Current nationality (and dual nationality) (NR 31, NR 32)","Current nationality (and dual nationality) (NR 31, NR 32)","","","","","","","","","",,,,,"",,,,"BeModelPatient.nationality",0,*,"",""
"BeModelChildReport.neonatalHearingScreeningRight.subject.residence","BeModelChildReport.neonatalHearingScreeningRight.subject.residence","","","",0,*,"","","","Address {[]} {[]}
","Main and other residences (NR 1, 3, 5, 18, 19, 20,22, 23, 24, 26, 27). NR 252 will be covered by other privacy rules.","Main and other residences (NR 1, 3, 5, 18, 19, 20,22, 23, 24, 26, 27). NR 252 will be covered by other privacy rules.","","","","","","","","","",,,,,"",,,,"BeModelPatient.residence",0,*,"",""
"BeModelChildReport.neonatalHearingScreeningRight.subject.death","BeModelChildReport.neonatalHearingScreeningRight.subject.death","","","",0,1,"","","","BackboneElement {[]} {[]}
","Date and state of death (place of death is not clinically relevant, and we only care about factual death, not absence (NR 151) or administrative/judicial death (NR 150))","Date and state of death (place of death is not clinically relevant, and we only care about factual death, not absence (NR 151) or administrative/judicial death (NR 150))","","","","","","","","","",,,,,"",,,,"BeModelPatient.death",0,1,"","ele-1:All FHIR elements must have a @value or children {hasValue() or (children().count() > id.count())}
"
"BeModelChildReport.neonatalHearingScreeningRight.subject.death.id","BeModelChildReport.neonatalHearingScreeningRight.subject.death.id","","","",0,1,"","","","string {[]} {[]}
","Unique id for inter-element referencing","Unique id for the element within a resource (for internal references). This may be any string value that does not contain spaces.","","","","","","","","","",,,,,"",,,,"Element.id",0,1,"",""
"BeModelChildReport.neonatalHearingScreeningRight.subject.death.extension","BeModelChildReport.neonatalHearingScreeningRight.subject.death.extension","","extensions
user content","",0,*,"","","","Extension {[]} {[]}
","Additional content defined by implementations","May be used to represent additional information that is not part of the basic definition of the element. To make the use of extensions safe and manageable, there is a strict set of governance  applied to the definition and use of extensions. Though any implementer can define an extension, there is a set of requirements that SHALL be met as part of the definition of the extension.","There can be no stigma associated with the use of extensions by any application, project, or standard - regardless of the institution or jurisdiction that uses or defines the extensions.  The use of extensions is what allows the FHIR specification to retain a core level of simplicity for everyone.","","","","","","","","",,,,,"","value:url}
","Extensions are always sliced by (at least) url",,"open","Element.extension",0,*,"","ele-1:All FHIR elements must have a @value or children {hasValue() or (children().count() > id.count())}
ext-1:Must have either extensions or value[x], not both {extension.exists() != value.exists()}"
"BeModelChildReport.neonatalHearingScreeningRight.subject.death.modifierExtension","BeModelChildReport.neonatalHearingScreeningRight.subject.death.modifierExtension","","extensions
user contentmodifiers","",0,*,"","Y","Y","Extension {[]} {[]}
","Extensions that cannot be ignored even if unrecognized","May be used to represent additional information that is not part of the basic definition of the element and that modifies the understanding of the element in which it is contained and/or the understanding of the containing element's descendants. Usually modifier elements provide negation or qualification. To make the use of extensions safe and manageable, there is a strict set of governance applied to the definition and use of extensions. Though any implementer can define an extension, there is a set of requirements that SHALL be met as part of the definition of the extension. Applications processing a resource are required to check for modifier extensions.

Modifier extensions SHALL NOT change the meaning of any elements on Resource or DomainResource (including cannot change the meaning of modifierExtension itself).","There can be no stigma associated with the use of extensions by any application, project, or standard - regardless of the institution or jurisdiction that uses or defines the extensions.  The use of extensions is what allows the FHIR specification to retain a core level of simplicity for everyone.","Modifier extensions allow for extensions that *cannot* be safely ignored to be clearly distinguished from the vast majority of extensions which can be safely ignored.  This promotes interoperability by eliminating the need for implementers to prohibit the presence of extensions. For further information, see the [definition of modifier extensions](http://hl7.org/fhir/R4/extensibility.html#modifierExtension).","","","","","","","",,,,,"",,,,"BackboneElement.modifierExtension",0,*,"","ele-1:All FHIR elements must have a @value or children {hasValue() or (children().count() > id.count())}
ext-1:Must have either extensions or value[x], not both {extension.exists() != value.exists()}"
"BeModelChildReport.neonatalHearingScreeningRight.subject.death.date","BeModelChildReport.neonatalHearingScreeningRight.subject.death.date","","","",0,1,"","","","dateTime {[]} {[]}
","Date of death","Date of death","","","","","","","","","",,,,,"",,,,"BeModelPatient.death.date",0,1,"",""
"BeModelChildReport.neonatalHearingScreeningRight.subject.death.deceased","BeModelChildReport.neonatalHearingScreeningRight.subject.death.deceased","","","",0,1,"","","","boolean {[]} {[]}
","The person is deceased","The person is deceased","","","","","","","","","",,,,,"",,,,"BeModelPatient.death.deceased",0,1,"",""
"BeModelChildReport.neonatalHearingScreeningRight.subject.maritalstatus","BeModelChildReport.neonatalHearingScreeningRight.subject.maritalstatus","","","",0,1,"","","","CodeableConcept {[]} {[]}
","Marital Status","Marital Status","","","","","","","","","",,,,,"",,,,"BeModelPatient.maritalstatus",0,1,"",""
"BeModelChildReport.neonatalHearingScreeningRight.subject.code","BeModelChildReport.neonatalHearingScreeningRight.subject.code","","","",1,1,"","","","CodeableConcept {[]} {[]}
","Result of neonatal hearing screening - right","Result of neonatal hearing screening - right","","","","","","<valueCodeableConcept xmlns=""http://hl7.org/fhir"">
  <coding>
    <code value=""neonatal-hearing-screening-right""/>
    <display value=""Result of neonatal hearing screening (right ear)""/>
  </coding>
</valueCodeableConcept>","","","",,,,,"",,,,"BeModelChildReport.neonatalHearingScreeningRight.subject.code",1,1,"",""
"BeModelChildReport.neonatalHearingScreeningRight.subject.valueCode","BeModelChildReport.neonatalHearingScreeningRight.subject.valueCode","","","",1,1,"","","","code {[]} {[]}
","Result of neonatal hearing screening (right ear)","Neonatal hearing screening result for the right ear.","","","","","","","","","",,"required","","https://www.ehealth.fgov.be/standards/fhir/childrecord/ValueSet/VSNeonatalHearingScreeningResults","",,,,"BeModelChildReport.neonatalHearingScreeningRight.subject.valueCode",1,1,"",""
"BeModelChildReport.severeHeadTrauma","BeModelChildReport.severeHeadTrauma","","","",0,1,"","","","Base {[]} {[]}
","[BeProblem] Severe head trauma","Indicates whether severe head trauma was identified.","","","","","","","","","",,,,,"",,,,"BeModelChildReport.severeHeadTrauma",0,1,"",""
"BeModelChildReport.severeHeadTrauma.subject","BeModelChildReport.severeHeadTrauma.subject","","","",1,1,"","","","Reference {[]} {[CanonicalType[https://www.ehealth.fgov.be/standards/fhir/core/StructureDefinition/be-patient]]}
","Child that the report is about","The child that the report is about.","","","","","","","","","",,,,,"",,,,"BeModelChildReport.severeHeadTrauma.subject",1,1,"",""
"BeModelChildReport.severeHeadTrauma.date","BeModelChildReport.severeHeadTrauma.date","","","",1,1,"","","","date {[]} {[]}
","Date of reporting the trauma.","Date of reporting the trauma.","","","","","","","","","",,,,,"",,,,"BeModelChildReport.severeHeadTrauma.date",1,1,"",""
"BeModelChildReport.severeHeadTrauma.code","BeModelChildReport.severeHeadTrauma.code","","","",1,1,"","","","CodeableConcept {[]} {[]}
","Code","Code","","","","","","<valueCodeableConcept xmlns=""http://hl7.org/fhir"">
  <coding>
    <code value=""severe-head-trauma-during-delivery""/>
    <display value=""Severe head trauma""/>
  </coding>
</valueCodeableConcept>","","","",,,,,"",,,,"BeModelChildReport.severeHeadTrauma.code",1,1,"",""
"BeModelChildReport.severeHeadTrauma.valueBoolean","BeModelChildReport.severeHeadTrauma.valueBoolean","","","",1,1,"","","","boolean {[]} {[]}
","Indicates whether severe head trauma was identified.","The value indicates whether severe head trauma was identified in the child.","","","","","","","","","",,,,,"",,,,"BeModelChildReport.severeHeadTrauma.valueBoolean",1,1,"",""
"BeModelChildReport.eyeScreening","BeModelChildReport.eyeScreening","","","",0,*,"","","","BackboneElement {[]} {[]}
","Eye screening","Details about the eye screening.","","","","","","","","","",,,,,"",,,,"BeModelChildReport.eyeScreening",0,*,"","ele-1:All FHIR elements must have a @value or children {hasValue() or (children().count() > id.count())}
"
"BeModelChildReport.eyeScreening.id","BeModelChildReport.eyeScreening.id","","","",0,1,"","","","string {[]} {[]}
","Unique id for inter-element referencing","Unique id for the element within a resource (for internal references). This may be any string value that does not contain spaces.","","","","","","","","","",,,,,"",,,,"Element.id",0,1,"",""
"BeModelChildReport.eyeScreening.extension","BeModelChildReport.eyeScreening.extension","","extensions
user content","",0,*,"","","","Extension {[]} {[]}
","Additional content defined by implementations","May be used to represent additional information that is not part of the basic definition of the element. To make the use of extensions safe and manageable, there is a strict set of governance  applied to the definition and use of extensions. Though any implementer can define an extension, there is a set of requirements that SHALL be met as part of the definition of the extension.","There can be no stigma associated with the use of extensions by any application, project, or standard - regardless of the institution or jurisdiction that uses or defines the extensions.  The use of extensions is what allows the FHIR specification to retain a core level of simplicity for everyone.","","","","","","","","",,,,,"","value:url}
","Extensions are always sliced by (at least) url",,"open","Element.extension",0,*,"","ele-1:All FHIR elements must have a @value or children {hasValue() or (children().count() > id.count())}
ext-1:Must have either extensions or value[x], not both {extension.exists() != value.exists()}"
"BeModelChildReport.eyeScreening.modifierExtension","BeModelChildReport.eyeScreening.modifierExtension","","extensions
user contentmodifiers","",0,*,"","Y","Y","Extension {[]} {[]}
","Extensions that cannot be ignored even if unrecognized","May be used to represent additional information that is not part of the basic definition of the element and that modifies the understanding of the element in which it is contained and/or the understanding of the containing element's descendants. Usually modifier elements provide negation or qualification. To make the use of extensions safe and manageable, there is a strict set of governance applied to the definition and use of extensions. Though any implementer can define an extension, there is a set of requirements that SHALL be met as part of the definition of the extension. Applications processing a resource are required to check for modifier extensions.

Modifier extensions SHALL NOT change the meaning of any elements on Resource or DomainResource (including cannot change the meaning of modifierExtension itself).","There can be no stigma associated with the use of extensions by any application, project, or standard - regardless of the institution or jurisdiction that uses or defines the extensions.  The use of extensions is what allows the FHIR specification to retain a core level of simplicity for everyone.","Modifier extensions allow for extensions that *cannot* be safely ignored to be clearly distinguished from the vast majority of extensions which can be safely ignored.  This promotes interoperability by eliminating the need for implementers to prohibit the presence of extensions. For further information, see the [definition of modifier extensions](http://hl7.org/fhir/R4/extensibility.html#modifierExtension).","","","","","","","",,,,,"",,,,"BackboneElement.modifierExtension",0,*,"","ele-1:All FHIR elements must have a @value or children {hasValue() or (children().count() > id.count())}
ext-1:Must have either extensions or value[x], not both {extension.exists() != value.exists()}"
"BeModelChildReport.eyeScreening.subject","BeModelChildReport.eyeScreening.subject","","","",1,1,"","","","Reference {[]} {[CanonicalType[https://www.ehealth.fgov.be/standards/fhir/core/StructureDefinition/be-patient]]}
","Child that the report is about","The child that the report is about.","","","","","","","","","",,,,,"",,,,"BeModelChildReport.eyeScreening.subject",1,1,"",""
"BeModelChildReport.eyeScreening.date","BeModelChildReport.eyeScreening.date","","","",1,1,"","","","date {[]} {[]}
","Date of eye screening","The date of eye screening.","","","","","","","","","",,,,,"",,,,"BeModelChildReport.eyeScreening.date",1,1,"",""
"BeModelChildReport.eyeScreening.code","BeModelChildReport.eyeScreening.code","","","",1,1,"","","","CodeableConcept {[]} {[]}
","Code","Code","","","","","","<valueCodeableConcept xmlns=""http://hl7.org/fhir"">
  <coding>
    <code value=""eye-screening""/>
    <display value=""Eye screening findings""/>
  </coding>
</valueCodeableConcept>","","","",,,,,"",,,,"BeModelChildReport.eyeScreening.code",1,1,"",""
"BeModelChildReport.eyeScreening.valueCodeableConcept","BeModelChildReport.eyeScreening.valueCodeableConcept","","","",1,1,"","","","code {[]} {[]}
","Result of eye screening","Result of eye screening.","","","","","","","","","",,"required","","https://www.ehealth.fgov.be/standards/fhir/childrecord/ValueSet/eye-screening-results","",,,,"BeModelChildReport.eyeScreening.valueCodeableConcept",1,1,"",""
"BeModelChildReport.eyeResults","BeModelChildReport.eyeResults","","","",0,*,"","","","Base {[]} {[]}
","Eye","Details about the eyes.","","","","","","","","","",,,,,"",,,,"BeModelChildReport.eyeResults",0,*,"",""
"BeModelChildReport.eyeResults.inspectionPupilAbnormal","BeModelChildReport.eyeResults.inspectionPupilAbnormal","","","",0,1,"","","","BackboneElement {[]} {[]}
","[BeObservation] Inspection pupil abnormal","Details about the inspection of the pupil.","","","","","","","","","",,,,,"",,,,"BeModelChildReport.eyeResults.inspectionPupilAbnormal",0,1,"","ele-1:All FHIR elements must have a @value or children {hasValue() or (children().count() > id.count())}
"
"BeModelChildReport.eyeResults.inspectionPupilAbnormal.id","BeModelChildReport.eyeResults.inspectionPupilAbnormal.id","","","",0,1,"","","","string {[]} {[]}
","Unique id for inter-element referencing","Unique id for the element within a resource (for internal references). This may be any string value that does not contain spaces.","","","","","","","","","",,,,,"",,,,"Element.id",0,1,"",""
"BeModelChildReport.eyeResults.inspectionPupilAbnormal.extension","BeModelChildReport.eyeResults.inspectionPupilAbnormal.extension","","extensions
user content","",0,*,"","","","Extension {[]} {[]}
","Additional content defined by implementations","May be used to represent additional information that is not part of the basic definition of the element. To make the use of extensions safe and manageable, there is a strict set of governance  applied to the definition and use of extensions. Though any implementer can define an extension, there is a set of requirements that SHALL be met as part of the definition of the extension.","There can be no stigma associated with the use of extensions by any application, project, or standard - regardless of the institution or jurisdiction that uses or defines the extensions.  The use of extensions is what allows the FHIR specification to retain a core level of simplicity for everyone.","","","","","","","","",,,,,"","value:url}
","Extensions are always sliced by (at least) url",,"open","Element.extension",0,*,"","ele-1:All FHIR elements must have a @value or children {hasValue() or (children().count() > id.count())}
ext-1:Must have either extensions or value[x], not both {extension.exists() != value.exists()}"
"BeModelChildReport.eyeResults.inspectionPupilAbnormal.modifierExtension","BeModelChildReport.eyeResults.inspectionPupilAbnormal.modifierExtension","","extensions
user contentmodifiers","",0,*,"","Y","Y","Extension {[]} {[]}
","Extensions that cannot be ignored even if unrecognized","May be used to represent additional information that is not part of the basic definition of the element and that modifies the understanding of the element in which it is contained and/or the understanding of the containing element's descendants. Usually modifier elements provide negation or qualification. To make the use of extensions safe and manageable, there is a strict set of governance applied to the definition and use of extensions. Though any implementer can define an extension, there is a set of requirements that SHALL be met as part of the definition of the extension. Applications processing a resource are required to check for modifier extensions.

Modifier extensions SHALL NOT change the meaning of any elements on Resource or DomainResource (including cannot change the meaning of modifierExtension itself).","There can be no stigma associated with the use of extensions by any application, project, or standard - regardless of the institution or jurisdiction that uses or defines the extensions.  The use of extensions is what allows the FHIR specification to retain a core level of simplicity for everyone.","Modifier extensions allow for extensions that *cannot* be safely ignored to be clearly distinguished from the vast majority of extensions which can be safely ignored.  This promotes interoperability by eliminating the need for implementers to prohibit the presence of extensions. For further information, see the [definition of modifier extensions](http://hl7.org/fhir/R4/extensibility.html#modifierExtension).","","","","","","","",,,,,"",,,,"BackboneElement.modifierExtension",0,*,"","ele-1:All FHIR elements must have a @value or children {hasValue() or (children().count() > id.count())}
ext-1:Must have either extensions or value[x], not both {extension.exists() != value.exists()}"
"BeModelChildReport.eyeResults.inspectionPupilAbnormal.subject","BeModelChildReport.eyeResults.inspectionPupilAbnormal.subject","","","",1,1,"","","","Reference {[]} {[CanonicalType[https://www.ehealth.fgov.be/standards/fhir/core/StructureDefinition/be-patient]]}
","Child that the report is about","The child that the report is about.","","","","","","","","","",,,,,"",,,,"BeModelChildReport.eyeResults.inspectionPupilAbnormal.subject",1,1,"",""
"BeModelChildReport.eyeResults.inspectionPupilAbnormal.date","BeModelChildReport.eyeResults.inspectionPupilAbnormal.date","","","",1,1,"","","","date {[]} {[]}
","Date of abnormal pupil inspection finding","Date of abnormal pupil inspection finding.","","","","","","","","","",,,,,"",,,,"BeModelChildReport.eyeResults.inspectionPupilAbnormal.date",1,1,"",""
"BeModelChildReport.eyeResults.inspectionPupilAbnormal.code","BeModelChildReport.eyeResults.inspectionPupilAbnormal.code","","","",1,1,"","","","CodeableConcept {[]} {[]}
","Inspection pupil abnormal","Inspection pupil abnormal","","","","","","<valueCodeableConcept xmlns=""http://hl7.org/fhir"">
  <coding>
    <code value=""inspection-pupil-normal""/>
    <display value=""Inspection pupil abnormal""/>
  </coding>
</valueCodeableConcept>","","","",,,,,"",,,,"BeModelChildReport.eyeResults.inspectionPupilAbnormal.code",1,1,"",""
"BeModelChildReport.eyeResults.inspectionPupilAbnormal.valueBoolean","BeModelChildReport.eyeResults.inspectionPupilAbnormal.valueBoolean","","","",1,1,"","","","boolean {[]} {[]}
","Inspection pupil abnormal","Inspection pupil abnormal","","","","","","","","","",,,,,"",,,,"BeModelChildReport.eyeResults.inspectionPupilAbnormal.valueBoolean",1,1,"",""
"BeModelChildReport.eyeResults.eyeMovementAndPosition","BeModelChildReport.eyeResults.eyeMovementAndPosition","","","",0,*,"","","","BackboneElement {[]} {[]}
","[BeObservation] Findings about the eye movement and position","[BeObservation] Findings about the eye movement and position","","","","","","","","","",,,,,"",,,,"BeModelChildReport.eyeResults.eyeMovementAndPosition",0,*,"","ele-1:All FHIR elements must have a @value or children {hasValue() or (children().count() > id.count())}
"
"BeModelChildReport.eyeResults.eyeMovementAndPosition.id","BeModelChildReport.eyeResults.eyeMovementAndPosition.id","","","",0,1,"","","","string {[]} {[]}
","Unique id for inter-element referencing","Unique id for the element within a resource (for internal references). This may be any string value that does not contain spaces.","","","","","","","","","",,,,,"",,,,"Element.id",0,1,"",""
"BeModelChildReport.eyeResults.eyeMovementAndPosition.extension","BeModelChildReport.eyeResults.eyeMovementAndPosition.extension","","extensions
user content","",0,*,"","","","Extension {[]} {[]}
","Additional content defined by implementations","May be used to represent additional information that is not part of the basic definition of the element. To make the use of extensions safe and manageable, there is a strict set of governance  applied to the definition and use of extensions. Though any implementer can define an extension, there is a set of requirements that SHALL be met as part of the definition of the extension.","There can be no stigma associated with the use of extensions by any application, project, or standard - regardless of the institution or jurisdiction that uses or defines the extensions.  The use of extensions is what allows the FHIR specification to retain a core level of simplicity for everyone.","","","","","","","","",,,,,"","value:url}
","Extensions are always sliced by (at least) url",,"open","Element.extension",0,*,"","ele-1:All FHIR elements must have a @value or children {hasValue() or (children().count() > id.count())}
ext-1:Must have either extensions or value[x], not both {extension.exists() != value.exists()}"
"BeModelChildReport.eyeResults.eyeMovementAndPosition.modifierExtension","BeModelChildReport.eyeResults.eyeMovementAndPosition.modifierExtension","","extensions
user contentmodifiers","",0,*,"","Y","Y","Extension {[]} {[]}
","Extensions that cannot be ignored even if unrecognized","May be used to represent additional information that is not part of the basic definition of the element and that modifies the understanding of the element in which it is contained and/or the understanding of the containing element's descendants. Usually modifier elements provide negation or qualification. To make the use of extensions safe and manageable, there is a strict set of governance applied to the definition and use of extensions. Though any implementer can define an extension, there is a set of requirements that SHALL be met as part of the definition of the extension. Applications processing a resource are required to check for modifier extensions.

Modifier extensions SHALL NOT change the meaning of any elements on Resource or DomainResource (including cannot change the meaning of modifierExtension itself).","There can be no stigma associated with the use of extensions by any application, project, or standard - regardless of the institution or jurisdiction that uses or defines the extensions.  The use of extensions is what allows the FHIR specification to retain a core level of simplicity for everyone.","Modifier extensions allow for extensions that *cannot* be safely ignored to be clearly distinguished from the vast majority of extensions which can be safely ignored.  This promotes interoperability by eliminating the need for implementers to prohibit the presence of extensions. For further information, see the [definition of modifier extensions](http://hl7.org/fhir/R4/extensibility.html#modifierExtension).","","","","","","","",,,,,"",,,,"BackboneElement.modifierExtension",0,*,"","ele-1:All FHIR elements must have a @value or children {hasValue() or (children().count() > id.count())}
ext-1:Must have either extensions or value[x], not both {extension.exists() != value.exists()}"
"BeModelChildReport.eyeResults.eyeMovementAndPosition.subject","BeModelChildReport.eyeResults.eyeMovementAndPosition.subject","","","",1,1,"","","","Reference {[]} {[CanonicalType[https://www.ehealth.fgov.be/standards/fhir/core/StructureDefinition/be-patient]]}
","Child that the report is about","The child that the report is about.","","","","","","","","","",,,,,"",,,,"BeModelChildReport.eyeResults.eyeMovementAndPosition.subject",1,1,"",""
"BeModelChildReport.eyeResults.eyeMovementAndPosition.date","BeModelChildReport.eyeResults.eyeMovementAndPosition.date","","","",1,1,"","","","date {[]} {[]}
","Date of eye movement and position results","The date of eye movement and position results.","","","","","","","","","",,,,,"",,,,"BeModelChildReport.eyeResults.eyeMovementAndPosition.date",1,1,"",""
"BeModelChildReport.eyeResults.eyeMovementAndPosition.code","BeModelChildReport.eyeResults.eyeMovementAndPosition.code","","","",1,1,"","","","CodeableConcept {[]} {[]}
","Code","Code","","","","","","<valueCodeableConcept xmlns=""http://hl7.org/fhir"">
  <coding>
    <code value=""eye-movement-and-position""/>
    <display value=""Eye movement and position""/>
  </coding>
</valueCodeableConcept>","","","",,,,,"",,,,"BeModelChildReport.eyeResults.eyeMovementAndPosition.code",1,1,"",""
"BeModelChildReport.eyeResults.eyeMovementAndPosition.valueCode","BeModelChildReport.eyeResults.eyeMovementAndPosition.valueCode","","","",1,1,"","","","code {[]} {[]}
","Result of testing eye movement and position","Result of testing eye movement and position.","","","","","","","","","",,"required","","https://www.ehealth.fgov.be/standards/fhir/childrecord/ValueSet/VSEyeMovementAndPosition","",,,,"BeModelChildReport.eyeResults.eyeMovementAndPosition.valueCode",1,1,"",""
"BeModelChildReport.eyeResults.eyeRemarks","BeModelChildReport.eyeResults.eyeRemarks","","","",0,1,"","","","BackboneElement {[]} {[]}
","[BeObservation] Eye remarks","Free text remarks about the eyes.","","","","","","","","","",,,,,"",,,,"BeModelChildReport.eyeResults.eyeRemarks",0,1,"","ele-1:All FHIR elements must have a @value or children {hasValue() or (children().count() > id.count())}
"
"BeModelChildReport.eyeResults.eyeRemarks.id","BeModelChildReport.eyeResults.eyeRemarks.id","","","",0,1,"","","","string {[]} {[]}
","Unique id for inter-element referencing","Unique id for the element within a resource (for internal references). This may be any string value that does not contain spaces.","","","","","","","","","",,,,,"",,,,"Element.id",0,1,"",""
"BeModelChildReport.eyeResults.eyeRemarks.extension","BeModelChildReport.eyeResults.eyeRemarks.extension","","extensions
user content","",0,*,"","","","Extension {[]} {[]}
","Additional content defined by implementations","May be used to represent additional information that is not part of the basic definition of the element. To make the use of extensions safe and manageable, there is a strict set of governance  applied to the definition and use of extensions. Though any implementer can define an extension, there is a set of requirements that SHALL be met as part of the definition of the extension.","There can be no stigma associated with the use of extensions by any application, project, or standard - regardless of the institution or jurisdiction that uses or defines the extensions.  The use of extensions is what allows the FHIR specification to retain a core level of simplicity for everyone.","","","","","","","","",,,,,"","value:url}
","Extensions are always sliced by (at least) url",,"open","Element.extension",0,*,"","ele-1:All FHIR elements must have a @value or children {hasValue() or (children().count() > id.count())}
ext-1:Must have either extensions or value[x], not both {extension.exists() != value.exists()}"
"BeModelChildReport.eyeResults.eyeRemarks.modifierExtension","BeModelChildReport.eyeResults.eyeRemarks.modifierExtension","","extensions
user contentmodifiers","",0,*,"","Y","Y","Extension {[]} {[]}
","Extensions that cannot be ignored even if unrecognized","May be used to represent additional information that is not part of the basic definition of the element and that modifies the understanding of the element in which it is contained and/or the understanding of the containing element's descendants. Usually modifier elements provide negation or qualification. To make the use of extensions safe and manageable, there is a strict set of governance applied to the definition and use of extensions. Though any implementer can define an extension, there is a set of requirements that SHALL be met as part of the definition of the extension. Applications processing a resource are required to check for modifier extensions.

Modifier extensions SHALL NOT change the meaning of any elements on Resource or DomainResource (including cannot change the meaning of modifierExtension itself).","There can be no stigma associated with the use of extensions by any application, project, or standard - regardless of the institution or jurisdiction that uses or defines the extensions.  The use of extensions is what allows the FHIR specification to retain a core level of simplicity for everyone.","Modifier extensions allow for extensions that *cannot* be safely ignored to be clearly distinguished from the vast majority of extensions which can be safely ignored.  This promotes interoperability by eliminating the need for implementers to prohibit the presence of extensions. For further information, see the [definition of modifier extensions](http://hl7.org/fhir/R4/extensibility.html#modifierExtension).","","","","","","","",,,,,"",,,,"BackboneElement.modifierExtension",0,*,"","ele-1:All FHIR elements must have a @value or children {hasValue() or (children().count() > id.count())}
ext-1:Must have either extensions or value[x], not both {extension.exists() != value.exists()}"
"BeModelChildReport.eyeResults.eyeRemarks.subject","BeModelChildReport.eyeResults.eyeRemarks.subject","","","",1,1,"","","","Reference {[]} {[CanonicalType[https://www.ehealth.fgov.be/standards/fhir/core/StructureDefinition/be-patient]]}
","Child that the report is about","The child that the report is about.","","","","","","","","","",,,,,"",,,,"BeModelChildReport.eyeResults.eyeRemarks.subject",1,1,"",""
"BeModelChildReport.eyeResults.eyeRemarks.date","BeModelChildReport.eyeResults.eyeRemarks.date","","","",1,1,"","","","date {[]} {[]}
","Date of eye remarks","The date of eye remarks.","","","","","","","","","",,,,,"",,,,"BeModelChildReport.eyeResults.eyeRemarks.date",1,1,"",""
"BeModelChildReport.eyeResults.eyeRemarks.code","BeModelChildReport.eyeResults.eyeRemarks.code","","","",1,1,"","","","CodeableConcept {[]} {[]}
","Eye remark","Eye remark","","","","","","<valueCodeableConcept xmlns=""http://hl7.org/fhir"">
  <coding>
    <code value=""eye-remarks""/>
    <display value=""Eye remarks""/>
  </coding>
</valueCodeableConcept>","","","",,,,,"",,,,"BeModelChildReport.eyeResults.eyeRemarks.code",1,1,"",""
"BeModelChildReport.eyeResults.eyeRemarks.valueString","BeModelChildReport.eyeResults.eyeRemarks.valueString","","","",1,1,"","","","string {[]} {[]}
","Eye remarks","Eye remarks","","","","","","","","","",,,,,"",,,,"BeModelChildReport.eyeResults.eyeRemarks.valueString",1,1,"",""
"BeModelChildReport.inTreatmentWithOphthalmologist","BeModelChildReport.inTreatmentWithOphthalmologist","","","",0,*,"","","","BackboneElement {[]} {[]}
","[BeObservation] In treatment with ophthalmologist","Details about treatment with an ophthalmologist.","","","","","","","","","",,,,,"",,,,"BeModelChildReport.inTreatmentWithOphthalmologist",0,*,"","ele-1:All FHIR elements must have a @value or children {hasValue() or (children().count() > id.count())}
"
"BeModelChildReport.inTreatmentWithOphthalmologist.id","BeModelChildReport.inTreatmentWithOphthalmologist.id","","","",0,1,"","","","string {[]} {[]}
","Unique id for inter-element referencing","Unique id for the element within a resource (for internal references). This may be any string value that does not contain spaces.","","","","","","","","","",,,,,"",,,,"Element.id",0,1,"",""
"BeModelChildReport.inTreatmentWithOphthalmologist.extension","BeModelChildReport.inTreatmentWithOphthalmologist.extension","","extensions
user content","",0,*,"","","","Extension {[]} {[]}
","Additional content defined by implementations","May be used to represent additional information that is not part of the basic definition of the element. To make the use of extensions safe and manageable, there is a strict set of governance  applied to the definition and use of extensions. Though any implementer can define an extension, there is a set of requirements that SHALL be met as part of the definition of the extension.","There can be no stigma associated with the use of extensions by any application, project, or standard - regardless of the institution or jurisdiction that uses or defines the extensions.  The use of extensions is what allows the FHIR specification to retain a core level of simplicity for everyone.","","","","","","","","",,,,,"","value:url}
","Extensions are always sliced by (at least) url",,"open","Element.extension",0,*,"","ele-1:All FHIR elements must have a @value or children {hasValue() or (children().count() > id.count())}
ext-1:Must have either extensions or value[x], not both {extension.exists() != value.exists()}"
"BeModelChildReport.inTreatmentWithOphthalmologist.modifierExtension","BeModelChildReport.inTreatmentWithOphthalmologist.modifierExtension","","extensions
user contentmodifiers","",0,*,"","Y","Y","Extension {[]} {[]}
","Extensions that cannot be ignored even if unrecognized","May be used to represent additional information that is not part of the basic definition of the element and that modifies the understanding of the element in which it is contained and/or the understanding of the containing element's descendants. Usually modifier elements provide negation or qualification. To make the use of extensions safe and manageable, there is a strict set of governance applied to the definition and use of extensions. Though any implementer can define an extension, there is a set of requirements that SHALL be met as part of the definition of the extension. Applications processing a resource are required to check for modifier extensions.

Modifier extensions SHALL NOT change the meaning of any elements on Resource or DomainResource (including cannot change the meaning of modifierExtension itself).","There can be no stigma associated with the use of extensions by any application, project, or standard - regardless of the institution or jurisdiction that uses or defines the extensions.  The use of extensions is what allows the FHIR specification to retain a core level of simplicity for everyone.","Modifier extensions allow for extensions that *cannot* be safely ignored to be clearly distinguished from the vast majority of extensions which can be safely ignored.  This promotes interoperability by eliminating the need for implementers to prohibit the presence of extensions. For further information, see the [definition of modifier extensions](http://hl7.org/fhir/R4/extensibility.html#modifierExtension).","","","","","","","",,,,,"",,,,"BackboneElement.modifierExtension",0,*,"","ele-1:All FHIR elements must have a @value or children {hasValue() or (children().count() > id.count())}
ext-1:Must have either extensions or value[x], not both {extension.exists() != value.exists()}"
"BeModelChildReport.inTreatmentWithOphthalmologist.date","BeModelChildReport.inTreatmentWithOphthalmologist.date","","","",1,1,"","","","date {[]} {[]}
","Date of remarks about treatment with ophthalmologist.","Date of remarks about treatment with ophthalmologist.","","","","","","","","","",,,,,"",,,,"BeModelChildReport.inTreatmentWithOphthalmologist.date",1,1,"",""
"BeModelChildReport.inTreatmentWithOphthalmologist.code","BeModelChildReport.inTreatmentWithOphthalmologist.code","","","",1,1,"","","","CodeableConcept {[]} {[]}
","Code","Code","","","","","","<valueCodeableConcept xmlns=""http://hl7.org/fhir"">
  <coding>
    <code value=""in-treatment-with-ophtalmologist""/>
    <display value=""In treatment with ophthalmologist""/>
  </coding>
</valueCodeableConcept>","","","",,,,,"",,,,"BeModelChildReport.inTreatmentWithOphthalmologist.code",1,1,"",""
"BeModelChildReport.inTreatmentWithOphthalmologist.valueCode","BeModelChildReport.inTreatmentWithOphthalmologist.valueCode","","","",1,1,"","","","code {[]} {[]}
","Treatment with ophthalmologist","Treatment with ophthalmologist.","","","","","","","","","",,"required","","https://www.ehealth.fgov.be/standards/fhir/childrecord/ValueSet/VSOphthalmologistTreatments","",,,,"BeModelChildReport.inTreatmentWithOphthalmologist.valueCode",1,1,"",""
