URL,Version,Status,OIDs,Name,Title,Descriptino,Uses,Used,Sources
https://www.ehealth.fgov.be/standards/fhir/childrecord/ValueSet/VSEyeMovementAndPosition,0.1.0,draft,,VSEyeMovementAndPosition,Eye Movement and Position,"This value set includes codes to represent eye movement and position observations.","StructureDefinition/BeModelChildReport","Internal"
https://www.ehealth.fgov.be/standards/fhir/childrecord/ValueSet/VSNeonatalHearingScreeningResults,0.1.0,draft,,VSNeonatalHearingScreeningResults,Neonatal Hearing Screening Results,"This value set includes codes for neonatal hearing screening results.","StructureDefinition/BeModelChildReport","Internal"
https://www.ehealth.fgov.be/standards/fhir/childrecord/ValueSet/VSOphthalmologistTreatments,0.1.0,draft,,VSOphthalmologistTreatments,Ophthalmologist Treatments,"This value set includes codes for ophthalmologist treatment status.","StructureDefinition/BeModelChildReport","Internal"
https://www.ehealth.fgov.be/standards/fhir/childrecord/ValueSet/eye-screening-results,0.1.0,draft,,VSEyeScreeningOutcome,Eye Screening Results,"A value set that includes codes for eye screening results.","StructureDefinition/BeModelChildReport","Internal"
