{
  "resourceType" : "CodeSystem",
  "id" : "CSEyeScreeningResults",
  "language" : "en",
  "text" : {
    "status" : "generated",
    "div" : "<div xmlns=\"http://www.w3.org/1999/xhtml\"><p class=\"res-header-id\"><b>Generated Narrative: CodeSystem CSEyeScreeningResults</b></p><a name=\"CSEyeScreeningResults\"> </a><a name=\"hcCSEyeScreeningResults\"> </a><p>This case-insensitive code system <code>https://www.ehealth.fgov.be/standards/fhir/childrecord/CodeSystem/CSEyeScreeningResults</code> defines the following codes:</p><table class=\"codes\"><tr><td style=\"white-space:nowrap\"><b>Code</b></td></tr><tr><td style=\"white-space:nowrap\">refer<a name=\"CSEyeScreeningResults-refer\"> </a></td></tr><tr><td style=\"white-space:nowrap\">pass<a name=\"CSEyeScreeningResults-pass\"> </a></td></tr><tr><td style=\"white-space:nowrap\">measurement-not-possible<a name=\"CSEyeScreeningResults-measurement-not-possible\"> </a></td></tr><tr><td style=\"white-space:nowrap\">child-not-testable<a name=\"CSEyeScreeningResults-child-not-testable\"> </a></td></tr></table></div>"
  },
  "url" : "https://www.ehealth.fgov.be/standards/fhir/childrecord/CodeSystem/CSEyeScreeningResults",
  "version" : "0.1.0",
  "name" : "CSEyeScreeningResults",
  "title" : "Eye Screening Results",
  "status" : "active",
  "experimental" : true,
  "date" : "2025-11-26T09:38:23+00:00",
  "publisher" : "HL7 Belgium",
  "contact" : [{
    "name" : "HL7 Belgium",
    "telecom" : [{
      "system" : "url",
      "value" : "https://www.hl7belgium.org"
    },
    {
      "system" : "email",
      "value" : "hl7belgium@hl7belgium.org"
    }]
  },
  {
    "name" : "Message Structure eHealth",
    "telecom" : [{
      "system" : "email",
      "value" : "message-structure@ehealth.fgov.be",
      "use" : "work"
    }]
  }],
  "description" : "Codes for recording the results of eye screening tests. These codes are used to indicate whether a screening test was passed, failed, not possible to perform, or not testable in children.",
  "jurisdiction" : [{
    "coding" : [{
      "system" : "urn:iso:std:iso:3166",
      "code" : "BE",
      "display" : "Belgium"
    }]
  }],
  "caseSensitive" : false,
  "content" : "complete",
  "count" : 4,
  "concept" : [{
    "code" : "refer"
  },
  {
    "code" : "pass"
  },
  {
    "code" : "measurement-not-possible"
  },
  {
    "code" : "child-not-testable"
  }]
}