URL,Version,Status,OIDs,Name,Title,Description,Used
http://hl7.org/fhir/resource-types,4.0.1,active,,ResourceType,ResourceType,"One of the resource types defined as part of this version of FHIR.","ValueSet/resource-types"
https://www.ehealth.fgov.be/standards/fhir/childrecord/CodeSystem/CSEyeMovementAndPosition,0.1.0,active,,CSEyeMovementAndPosition,Eye Movement and Position,"A code system for various eye movement and position conditions.","ValueSet/VSEyeMovementAndPosition"
https://www.ehealth.fgov.be/standards/fhir/childrecord/CodeSystem/CSEyeScreeningResults,0.1.0,active,,CSEyeScreeningResults,Eye Screening Results,"Codes for recording the results of eye screening tests. These codes are used to indicate whether a screening test was passed, failed, not possible to perform, or not testable in children.","ValueSet/eye-screening-results"
https://www.ehealth.fgov.be/standards/fhir/childrecord/CodeSystem/CSNeonatalHearingScreeningResults,0.1.0,active,,CSNeonatalHearingScreeningResults,Neonatal Hearing Screening Results,"Codes for the results of neonatal hearing screening tests.","ValueSet/VSNeonatalHearingScreeningResults"
https://www.ehealth.fgov.be/standards/fhir/childrecord/CodeSystem/CSOphthalmologistTreatments,0.1.0,active,,CSOphthalmologistTreatments,Ophthalmologist Treatment statuses,"Ophthalmologist Treatment statuses","ValueSet/VSOphthalmologistTreatments"
