URL,Version,Status,OIDs,Name,Title,Description,Used
http://example.org/fhir/CodeSystem/eye-movement-and-position,0.1.0,draft,,CSEyeMovementAndPosition,,"","ValueSet/VSEyeScreeningAgeRange,ValueSet/VSEyeMovementAndPosition"
http://example.org/fhir/CodeSystem/eye-screening-results,0.1.0,draft,,CSEyeScreeningResults,,"","ValueSet/eye-screening-results"
http://example.org/fhir/CodeSystem/neonatal-hearing-screening-results,0.1.0,draft,,CSNeonatalHearingScreeningResults,,"","ValueSet/VSNeonatalHearingScreeningResults"
http://example.org/fhir/CodeSystem/ophthalmologist-treatments,0.1.0,draft,,CSOphthalmologistTreatments,,"","ValueSet/VSOphthalmologistTreatments"
