URL,Version,Status,OIDs,Name,Title,Descriptino,Uses,Used,Sources
http://example.org/fhir/ValueSet/eye-movement-and-position,0.1.0,draft,,VSEyeMovementAndPosition,,"","StructureDefinition/ChildReport","Internal"
http://example.org/fhir/ValueSet/eye-screening-results,0.1.0,draft,,VSEyeScreeningResults,,"","StructureDefinition/ChildReport","Internal"
http://example.org/fhir/ValueSet/neonatal-eye-screening-age-range,0.1.0,draft,,VSEyeScreeningAgeRange,,"","StructureDefinition/ChildReport","Internal"
http://example.org/fhir/ValueSet/neonatal-hearing-screening-results,0.1.0,draft,,VSNeonatalHearingScreeningResults,,"","StructureDefinition/ChildReport","Internal"
http://example.org/fhir/ValueSet/ophthalmologist-treatments,0.1.0,draft,,VSOphthalmologistTreatments,,"","StructureDefinition/ChildReport","Internal"
